{
  "A":505,
  "B":623,
  "C":685,
  "D":685,
  "E":602,
  "F":563,
  "G":662,
  "H":686,
  "I":561,
  "J":660,
  "K":582,
  "L":513,
  "M":518,
  "N":532,
  "O":486,
  "P":570,
  "Q":628,
  "R":517,
  "S":568,
  "T":583,
  "U":586,
  "V":580,
  "W":785,
  "X":683,
  "Y":624,
  "Z":658,
  "b":486,
  "c":573,
  "ch":606,
  "d":483,
  "f":795,
  "g":568,
  "h":668,
  "j":615,
  "k":551,
  "l":559,
  "m":628,
  "n":619,
  "p":634,
  "q":609,
  "r":626,
  "s":651,
  "sh":720,
  "t":605,
  "w":591,
  "x":715,
  "y":574,
  "z":604,
  "zh":591,
  "a1":426,
  "a2":467,
  "a3":594,
  "a4":303,
  "ai1":407,
  "ai2":503,
  "ai3":632,
  "ai4":386,
  "an1":361,
  "an2":398,
  "an3":608,
  "an4":340,
  "ang1":477,
  "ang2":572,
  "ang3":685,
  "ang4":427,
  "ao1":505,
  "ao2":584,
  "ao3":695,
  "ao4":447,
  "bo1":471,
  "bo2":593,
  "bo3":643,
  "bo4":369,
  "chi1":588,
  "chi2":797,
  "chi3":1024,
  "chi4":469,
  "ci1":530,
  "ci2":646,
  "ci3":972,
  "ci4":416,
  "de1":517,
  "de2":635,
  "de3":818,
  "de4":421,
  "e1":490,
  "e2":594,
  "e3":775,
  "e4":464,
  "ei1":496,
  "ei2":520,
  "ei3":666,
  "ei4":386,
  "en1":439,
  "en2":437,
  "en3":623,
  "en4":403,
  "eng1":534,
  "eng2":585,
  "eng3":676,
  "eng4":408,
  "er1":464,
  "er2":636,
  "er3":675,
  "er4":427,
  "fo1":797,
  "fo2":869,
  "fo3":972,
  "fo4":512,
  "ge1":571,
  "ge2":615,
  "ge3":730,
  "ge4":424,
  "he1":656,
  "he2":797,
  "he3":936,
  "he4":507,
  "i1":550,
  "i2":595,
  "i3":838,
  "i4":463,
  "ie1":561,
  "ie2":729,
  "ie3":807,
  "ie4":444,
  "in1":596,
  "in2":631,
  "in3":849,
  "in4":372,
  "ing1":665,
  "ing2":695,
  "ing3":950,
  "ing4":455,
  "iu1":611,
  "iu2":732,
  "iu3":723,
  "iu4":518,
  "ji1":545,
  "ji2":652,
  "ji3":860,
  "ji4":389,
  "ke1":520,
  "ke2":737,
  "ke3":906,
  "ke4":498,
  "le1":534,
  "le2":678,
  "le3":732,
  "le4":463,
  "mo1":618,
  "mo2":761,
  "mo3":862,
  "mo4":468,
  "ne1":599,
  "ne2":739,
  "ne3":850,
  "ne4":444,
  "o1":516,
  "o2":560,
  "o3":752,
  "o4":303,
  "ong1":568,
  "ong2":624,
  "ong3":767,
  "ong4":379,
  "ou1":432,
  "ou2":525,
  "ou3":629,
  "ou4":400,
  "po1":666,
  "po2":824,
  "po3":844,
  "po4":500,
  "qi1":602,
  "qi2":747,
  "qi3":951,
  "qi4":556,
  "ri1":617,
  "ri2":698,
  "ri3":881,
  "ri4":481,
  "shi1":708,
  "shi2":852,
  "shi3":1009,
  "shi4":518,
  "si1":638,
  "si2":774,
  "si3":920,
  "si4":490,
  "te1":576,
  "te2":755,
  "te3":815,
  "te4":520,
  "u1":499,
  "u2":573,
  "u3":812,
  "u4":380,
  "ui1":579,
  "ui2":653,
  "ui3":741,
  "ui4":389,
  "un1":511,
  "un2":537,
  "un3":643,
  "un4":372,
  "v1":513,
  "v2":549,
  "v3":765,
  "v4":377,
  "ve1":545,
  "ve2":658,
  "ve3":768,
  "ve4":354,
  "vn1":666,
  "vn2":686,
  "vn3":842,
  "vn4":343,
  "wu1":544,
  "wu2":687,
  "wu3":781,
  "wu4":424,
  "xi1":689,
  "xi2":774,
  "xi3":1003,
  "xi4":505,
  "ye1":533,
  "ye2":663,
  "ye3":713,
  "ye4":405,
  "yi1":565,
  "yi2":581,
  "yi3":819,
  "yi4":411,
  "yin1":463,
  "yin2":585,
  "yin3":767,
  "yin4":442,
  "ying1":675,
  "ying2":679,
  "ying3":829,
  "ying4":414,
  "yu1":497,
  "yu2":671,
  "yu3":849,
  "yu4":398,
  "yuan1":625,
  "yuan2":715,
  "yuan3":775,
  "yuan4":462,
  "yue1":536,
  "yue2":658,
  "yue3":750,
  "yue4":389,
  "yun1":616,
  "yun2":683,
  "yun3":777,
  "yun4":391,
  "zhi1":584,
  "zhi2":616,
  "zhi3":852,
  "zhi4":383,
  "zi1":598,
  "zi2":574,
  "zi3":806,
  "zi4":385
}